imie;nazwisko;ulica;numer;kod;miejscowosc;telefon;email;data_ur
Jan;Kowalski;ul. Nowa;1a;11-234;Budry;123-123-456;jan@go.xxx;1980.05.13
Jerzy;'--\nSELECT * FROM DATA;ul. Konopnicka;13a/3;00-900;Lichowice;(55)333-44-55;jer@wu.to;1990.03.23
Jerzy;Nowakzbardzodlugimnazwiskiem;ul. Konopnicka;13a/3;00-900;Lichowice;(55)333-44-55;jer@wu.to;1990.03.23
Jerzy;nowakzzbytduzailosciadanych;ul. Konopnicka;13a/3;00-900;Lichowice;(55)333-44-55;jer@wu.to;1990.03.23;test;test2;test3
test;test2;;xxx
Janbezdanych;Kowalski;ul. Nowa;1a;11-234;Budry;123-123-456;jan@go.xxx
